{"cameraMode":{"drawMode":0,"name":"Shaded","section":"Shading Mode"},"sceneLighting":true,"audioPlay":false,"sceneViewState":{"showFog":true,"showMaterialUpdate":false,"showSkybox":true,"showFlares":true,"showImageEffects":true,"showParticleSystems":true},"in2DMode":false,"pivot":{"x":456.11212158203127,"y":195.74322509765626,"z":-1.454833984375},"rotation":{"x":-0.21744418144226075,"y":0.03132288530468941,"z":-0.006981328129768372,"w":-0.9755483269691467},"size":305.8397521972656,"orthographic":false}